Tag;Instance;Setting;Config;Seed;Timestamp
n.a.;1-1-1-6-0.85.xlayo;Letter-Fixed-7200-5.xsett;PPFAR-TAShortestDistance-SAConstantRatio-ISEmptiest-PSFixed-RPDummy-OBDefault-RBSamePod-MMNoChange.xconf;2;20190407-191137
n.a.;1-1-1-6-0.85.xlayo;Letter-Fixed-7200-5.xsett;PPFAR-TAShortestDistance-SAConstantRatio-ISEmptiest-PSFixed-RPDummy-OBDefault-RBSamePod-MMNoChange.xconf;1;20190407-191431
n.a.;1-1-1-6-0.85.xlayo;Letter-Fixed-7200-5.xsett;PPFAR-TAShortestDistance-SAConstantRatio-ISEmptiest-PSFixed-RPDummy-OBDefault-RBSamePod-MMNoChange.xconf;3;20190407-192235
n.a.;1-1-1-6-0.85.xlayo;Letter-Fixed-7200-5.xsett;PPFAR-TAShortestDistance-SAConstantRatio-ISEmptiest-PSFixed-RPDummy-OBDefault-RBSamePod-MMNoChange.xconf;4;20190407-192524
n.a.;1-1-1-6-0.85.xlayo;Letter-Fixed-7200-5.xsett;PPFAR-TAShortestDistance-SAConstantRatio-ISEmptiest-PSFixed-RPDummy-OBDefault-RBSamePod-MMNoChange.xconf;5;20190407-192528
n.a.;1-1-1-6-0.85.xlayo;Letter-Fixed-7200-5.xsett;PPFAR-TAShortestDistance-SAConstantRatio-ISEmptiest-PSFixed-RPDummy-OBDefault-RBSamePod-MMNoChange.xconf;5;20190407-193548
n.a.;1-1-1-6-0.85.xlayo;Letter-Fixed-7200-5-1.xsett;PPFAR-TAShortestDistance-SAConstantRatio-ISEmptiest-PSFixed-RPDummy-OBDefault-RBSamePod-MMNoChange.xconf;5;20190407-194033
n.a.;1-1-1-6-0.85.xlayo;Letter-Fixed-7200-5-1.xsett;PPFAR-TAShortestDistance-SAConstantRatio-ISEmptiest-PSFixed-RPDummy-OBDefault-RBSamePod-MMNoChange.xconf;2;20190407-195602
n.a.;1-1-1-6-0.85.xlayo;Letter-Fixed-7200-5-1.xsett;PPFAR-TAShortestDistance-SAConstantRatio-ISEmptiest-PSFixed-RPDummy-OBDefault-RBSamePod-MMNoChange.xconf;2;20190407-195733
n.a.;1-1-1-6-0.85.xlayo;Letter-Fixed-7200-5-1.xsett;PPFAR-TAShortestDistance-SAConstantRatio-ISEmptiest-PSFixed-RPDummy-OBDefault-RBSamePod-MMNoChange.xconf;2;20190407-195847
n.a.;1-1-1-6-0.85.xlayo;Letter-Fixed-7200-5-1.xsett;PPFAR-TAShortestDistance-SAConstantRatio-ISEmptiest-PSFixed-RPDummy-OBDefault-RBSamePod-MMNoChange.xconf;2;20190407-200539
n.a.;1-1-1-6-0.85.xlayo;Letter-Fixed-7200-5-1.xsett;PPFAR-TAShortestDistance-SAConstantRatio-ISEmptiest-PSFixed-RPDummy-OBDefault-RBSamePod-MMNoChange.xconf;2;20190407-200627
n.a.;1-1-1-6-0.85.xlayo;Letter-Fixed-7200-5-1.xsett;PPFAR-TAShortestDistance-SAConstantRatio-ISEmptiest-PSFixed-RPDummy-OBDefault-RBSamePod-MMNoChange.xconf;2;20190407-200812
n.a.;1-1-1-6-0.85.xlayo;Letter-Fixed-7200-5.xsett;PPFAR-TAShortestDistance-SAConstantRatio-ISEmptiest-PSFixed-RPDummy-OBDefault-RBSamePod-MMNoChange.xconf;200;20190407-201011
n.a.;1-1-1-6-0.85.xlayo;Letter-Fixed-7200-5.xsett;PPFAR-TAShortestDistance-SAConstantRatio-ISEmptiest-PSFixed-RPDummy-OBDefault-RBSamePod-MMNoChange.xconf;200;20190407-201050
n.a.;1-1-1-6-0.85.xlayo;Letter-Fixed-7200-5.xsett;PPFAR-TAShortestDistance-SAConstantRatio-ISEmptiest-PSFixed-RPDummy-OBDefault-RBSamePod-MMNoChange.xconf;2;20190407-205348
n.a.;1-1-1-6-0.85.xlayo;Letter-Fixed-7200-5.xsett;PPFAR-TAShortestDistance-SAConstantRatio-ISEmptiest-PSFixed-RPDummy-OBDefault-RBSamePod-MMNoChange.xconf;2;20190407-205419
