#TimeStamp;InventoryLevel;ContainedSKUCount;InvCombinedTotal;InvCombinedRank;InvCombinedAvgRank;InvSpeedTotal;InvSpeedRank;InvSpeedAvgRank;InvUtilityTotal;InvUtilityRank;InvUtilityAvgRank
0;1;18;0;0;0;0;0;0;0;0;0
599.59;1;18;0;0;0;0;0;0;0;0;0
1199.84;1;18;0;0;0;0;0;0;0;0;0
1800;1;18;0;0;0;0;0;0;0;0;0
2399.84;1;18;0;0;0;0;0;0;0;0;0
2999.97;1;18;0;0;0;0;0;0;0;0;0
3599.78;1;18;0;0;0;0;0;0;0;0;0
4199.98;1;18;0;0;0;0;0;0;0;0;0
4799.8;1;18;0;0;0;0;0;0;0;0;0
5399.6;1;18;0;0;0;0;0;0;0;0;0
5999.78;1;18;0;0;0;0;0;0;0;0;0
6599.96;1;18;0;0;0;0;0;0;0;0;0
7199.86;1;18;0;0;0;0;0;0;0;0;0
